Position_X,Position_Y,Position_Z,Time,,,
-1096.9309,-163.3823,599.3679,649696.1668,,,
-1078.8995,-162.0475,602.2152,649698.1288,,,
-1042.8623,-159.7946,602.4388,649708.8086,,,
-1021.092,-158.066,614.9229,649711.0279,,,
-1009.2053,-157.6065,603.5616,649714.3912,,,
-991.0995,-156.1102,606.9888,649718.2948,,,
-973.5068,-154.9043,607.2697,649722.5364,,,
-956.9495,-154.1602,605.5995,649726.4162,,,
-939.2586,-153.0016,606.8934,649730.1954,,,
-921.9651,-151.8905,606.6968,649734.173,,,
-904.939,-150.7871,607.2525,649738.1703,,,
-887.5811,-149.4383,607.9589,649742.0126,,,
-870.5631,-148.3466,607.2792,649745.9665,,,
-853.5539,-147.4266,607.0895,649749.846,,,
-837.0604,-146.3718,605.0281,649753.8672,,,
-819.6284,-145.2515,605.686,649757.7314,,,
-803.2476,-144.1916,603.8031,649761.7004,,,
-786.4951,-142.9565,602.9796,649765.6658,,,
-768.9384,-141.8611,603.4258,649769.5674,,,
-753.3626,-141.0355,597.4819,649773.5694,,,
-736.037,-139.9269,597.9713,649777.595,,,
-719.7926,-138.8678,595.9772,649781.4114,,,
-703.6872,-137.9764,592.8652,649785.3718,,,
-686.201,-136.5765,593.9309,649789.4683,,,
-669.5595,-135.7082,591.9887,649793.2793,,,
-653.4058,-134.6544,587.3846,649797.2084,,,
-636.7724,-133.6829,584.3809,649801.1773,,,
-619.8125,-132.5944,583.6974,649805.0972,,,
-603.742,-131.6788,579.9208,649809.0433,,,
-587.3422,-130.6366,576.7444,649813.1199,,,
-570.9479,-129.6114,573.4616,649816.9576,,,
-554.9154,-128.6279,571.2331,649820.9602,,,
-538.5947,-127.5466,567.7522,649824.9033,,,
-523.3674,-126.941,561.4561,649828.8894,,,
-507.0438,-125.8816,558.4231,649832.7488,,,
-490.6718,-124.9229,553.5199,649836.719,,,
-475.2298,-123.9321,548.793,649840.6209,,,
-458.554,-123.0498,544.2623,649844.6088,,,
-442.5638,-121.9527,540.8609,649848.5002,,,
-427.1143,-120.9295,537.1414,649852.4658,,,
-411.3622,-120.2227,529.969,649856.4816,,,
-396.4948,-119.5192,525.9087,649860.3677,,,
-380.5062,-118.7443,519.2035,649864.2957,,,
-364.9251,-117.6625,514.1827,649868.2844,,,
-347.5824,-116.5597,513.312,649872.1945,,,
-332.8272,-115.6563,504.8172,649876.1501,,,
-317.8,-115.0658,498.5431,649880.2546,,,
-301.8462,-113.9574,494.8461,649884.0498,,,
-286.0818,-113.0767,486.1936,649887.9949,,,
-271.4305,-112.427,481.0127,649891.96,,,
-256.0592,-111.313,474.2955,649895.8871,,,
-240.7052,-110.8938,463.8555,649899.841,,,
-225.5306,-109.8521,457.3156,649903.9455,,,
-209.6601,-108.906,452.3675,649907.7117,,,
-194.4439,-107.734,446.8052,649911.7478,,,
-180.4965,-107.4479,436.7206,649915.6912,,,
-164.5122,-106.3532,430.7642,649919.5661,,,
-149.8759,-105.4397,427.4428,649923.8431,,,
-135.1039,-104.8653,420.0469,649927.5858,,,
-120.1161,-104.1407,409.052,649931.4986,,,
-104.4413,-103.1978,402.6436,649935.5496,,,
-90.1442,-102.1064,397.6452,649939.4756,,,
-74.8934,-101.4823,389.0531,649943.3502,,,
-60.3059,-100.644,381.7764,649947.2855,,,
-45.3346,-100.3181,370.0491,649951.1972,,,
-30.9943,-99.3591,359.4477,649955.2022,,,
-16.4218,-98.4387,351.85,649959.187,,,
-1.4956,-97.9877,341.8645,649963.0687,,,
12.7049,-96.85,337.0671,649967.133,,,
26.8096,-96.2805,326.3972,649971.0611,,,
41.7072,-95.5174,316.4317,649974.9434,,,
56.0156,-94.9282,306.2971,649978.9108,,,
70.071,-93.8257,299.4654,649982.8568,,,
85.0574,-93.6109,285.6495,649986.778,,,
99.0753,-92.612,274.9689,649990.8049,,,
113.3596,-91.5612,268.8088,649994.7286,,,
126.7302,-91.1725,255.9819,649998.5749,,,
140.9688,-90.1656,249.1198,650002.679,,,
154.7558,-89.6029,237.9899,650006.6714,,,
169.1148,-88.8649,228.0706,650010.4362,,,
182.9474,-88.0929,218.9628,650014.4106,,,
197.1208,-87.5506,206.8971,650018.3621,,,
210.1324,-86.9213,194.8571,650022.3482,,,
224.8988,-86.6223,181.6242,650026.2704,,,
237.6247,-85.5099,173.1798,650030.1498,,,
252.3961,-85.242,158.6607,650034.0979,,,
265.2779,-84.065,150.4862,650038.1898,,,
278.8658,-83.4227,137.8495,650042.0698,,,
293.3814,-83.2423,121.2178,650045.9876,,,
305.0061,-82.4665,114.8609,650050.1399,,,
319.8825,-81.7568,98.4139,650053.8557,,,
331.7929,-81.0405,92.0634,650058.243,,,
346.8575,-80.5359,77.5781,650061.8858,,,
360.5084,-79.6117,66.2094,650065.6924,,,
372.0011,-79.1929,53.4242,650069.7295,,,
384.7804,-78.318,42.8523,650073.8454,,,
398.4204,-77.8961,27.414,650077.684,,,
411.3197,-77.1316,19.0454,650081.6352,,,
421.6711,-76.601,31.4034,650085.5928,,,
431.6927,-75.6187,45.3214,650089.5448,,,
443.7048,-75.2842,49.493,650093.5344,,,
454.4983,-74.553,62.8724,650097.3062,,,
465.5658,-74.009,71.2539,650101.2836,,,
474.331,-72.92,87.0937,650105.3159,,,
484.9455,-72.291,96.8647,650109.2035,,,
493.9351,-71.5228,111.5979,650113.0706,,,
505.543,-70.883,118.9637,650117.1624,,,
516.3954,-70.3604,126.791,650120.9542,,,
524.0123,-69.5412,145.8698,650125.0285,,,
535.9179,-69.1496,151.0637,650128.9868,,,
546.571,-68.731,160.3156,650132.8222,,,
556.6934,-68.1226,171.0014,650136.824,,,
566.7143,-67.4955,181.3071,650140.9298,,,
577.2325,-66.7914,189.3721,650146.019,,,
588.358,-66.2611,194.4362,650151.8088,,,
595.4544,-65.639,213.0681,650153.1674,,,
606.694,-64.9973,218.2704,650156.5262,,,
617.8927,-64.3935,224.6091,650160.6554,,,
627.2607,-63.7774,235.8093,650164.4676,,,
636.943,-63.3303,244.4791,650168.4704,,,
646.2343,-62.9192,254.7667,650172.575,,,
658.7265,-62.0459,256.4184,650176.3317,,,
666.4488,-61.6443,270.5509,650180.1394,,,
679.3747,-61.4659,271.3272,650184.1776,,,
688.196,-60.6698,281.4022,650188.0128,,,
697.7097,-60.0083,290.349,650192.1736,,,
707.4344,-59.473,297.8698,650196.123,,,
719.7997,-58.9196,299.0202,650199.8922,,,
728.9734,-58.3858,307.6622,650203.8196,,,
740.2015,-57.8425,312.1752,650207.9244,,,
750.5389,-57.2876,318.0155,650211.8437,,,
761.2271,-57.0831,322.0149,650215.6804,,,
767.1623,-56.1055,337.639,650219.7049,,,
778.4984,-55.5981,340.5007,650223.6234,,,
789.3865,-55.4356,345.1224,650227.6992,,,
798.1972,-54.7238,352.5301,650231.4531,,,
808.8118,-54.0812,356.91,650235.4114,,,
822.6677,-53.6227,353.904,650239.4318,,,
830.9901,-53.135,362.362,650243.3864,,,
839.2705,-52.7746,370.8886,650247.2561,,,
845.0224,-52.0235,384.1074,650251.2342,,,
860.6362,-51.1883,377.7916,650255.1522,,,
869.1365,-50.7868,384.7438,650259.0993,,,
881.5631,-50.2977,384.3025,650263.0515,,,
885.0127,-49.4865,401.1342,650266.9301,,,
898.7227,-49.4294,398.3066,650270.9074,,,
904.99,-48.5727,408.3792,650274.9003,,,
917.1192,-48.1387,408.3746,650278.797,,,
926.8669,-47.5335,412.2603,650282.7667,,,
940.3639,-47.417,408.3428,650286.7058,,,
948.959,-46.8456,414.7601,650290.6307,,,
955.3213,-45.8045,423.7017,650294.737,,,
966.3219,-45.4564,425.0485,650298.5696,,,
978.7579,-44.8931,423.2762,650302.4482,,,
985.7692,-44.4759,430.7771,650306.6875,,,
994.6595,-44.0041,434.4155,650311.6898,,,
1005.4842,-43.5768,435.9607,650314.3438,,,
1014.6524,-43.0207,439.7038,650318.3174,,,
1030.5885,-42.8915,430.8031,650322.205,,,
1036.2371,-42.574,439.8333,650326.1757,,,
1042.2833,-41.5344,447.9288,650330.1512,,,
1051.1535,-41.757,451.2993,650334.1148,,,
1067.4399,-40.9354,442.8572,650337.969,,,
1074.6742,-39.912,448.4492,650342.1374,,,
1084.9631,-39.9736,449.4563,650345.9662,,,
1093.367,-39.4838,452.584,650349.9626,,,
1100.0587,-38.8307,457.5413,650353.8768,,,
1116.608,-38.1528,447.6621,650357.7364,,,
1125.0328,-38.3618,450.7907,650361.6845,,,
1126.0367,-37.5313,465.3095,650365.7028,,,
-1137.5721,167.8352,484.9045,664107.1538,,,
-1073.0239,161.8643,492.1038,664117.7914,,,
-1046.8276,160.4946,506.9675,664122.1178,,,
-1041.1631,158.7816,519.825,664122.8787,,,
-1023.8231,157.544,514.2352,664125.9447,,,
-1003.4284,155.5604,512.9029,664129.8732,,,
-981.7855,153.2599,516.4113,664133.7859,,,
-960.5282,151.181,518.862,664137.7526,,,
-940.5516,149.3934,518.8229,664141.7342,,,
-920.0222,147.4483,519.7672,664145.5986,,,
-901.2928,146.0412,516.9067,664150.2158,,,
-879.0463,143.7883,521.7819,664153.5666,,,
-859.6358,142.1197,520.3459,664157.4551,,,
-838.8735,140.1377,521.7624,664161.5052,,,
-818.1813,138.2966,522.9592,664165.3778,,,
-798.8227,136.723,520.9461,664169.287,,,
-778.8584,134.8545,522.6194,664173.3366,,,
-760.2788,133.6553,517.014,664177.2934,,,
-738.3926,131.6004,525.019,664181.129,,,
-719.521,129.6988,523.4577,664185.1582,,,
-699.9252,127.8665,519.2488,664189.2942,,,
-679.2015,125.7321,521.5973,664193.0038,,,
-660.6438,124.0015,515.5112,664196.975,,,
-640.1222,121.7103,516.9225,664200.8671,,,
-620.9198,120.1512,513.3721,664205.0194,,,
-602.09,118.4465,509.9684,664208.8895,,,
-582.6194,116.593,509.0738,664213.0215,,,
-562.4975,114.4866,511.0044,664216.7888,,,
-543.5966,112.8475,505.3859,664221.0316,,,
-524.7331,110.8872,502.8521,664224.6606,,,
-505.1495,109.2546,500.7622,664228.6665,,,
-486.1911,107.6681,499.2134,664232.509,,,
-467.4296,105.6269,500.6173,664236.3978,,,
-447.9193,103.8867,496.1654,664240.3617,,,
-429.418,101.9156,492.2012,664244.3419,,,
-410.6477,99.9528,484.1896,664248.2252,,,
-391.7739,98.1492,482.2636,664252.1884,,,
-372.3117,96.0612,479.1986,664256.262,,,
-353.6809,94.201,473.899,664260.1444,,,
-335.9614,92.4287,473.3932,664264.0376,,,
-315.9866,90.1361,466.8298,664268.0248,,,
-298.9681,88.5851,464.251,664272.036,,,
-279.4254,86.4646,457.8303,664275.9958,,,
-261.0533,84.9344,453.5865,664279.8518,,,
-243.3455,83.2005,448.0815,664283.7945,,,
-224.0535,81.3992,447.8766,664287.74,,,
-206.2915,79.3617,436.4364,664291.6496,,,
-188.9783,77.6367,437.1321,664295.7078,,,
-171.4082,75.7526,431.277,664299.597,,,
-152.856,73.8643,425.9452,664303.5152,,,
-133.9109,71.6339,418.0872,664307.485,,,
-115.5089,69.7519,409.7864,664311.4498,,,
-97.7281,67.9329,402.9836,664315.3298,,,
-81.3932,66.3837,399.3149,664319.365,,,
-62.6318,64.1379,390.997,664323.3958,,,
-45.4921,62.5632,388.1564,664327.1896,,,
-27.8157,60.5419,378.4999,664331.1306,,,
-8.0772,59.1476,371.8697,664335.1204,,,
7.1644,57.2255,368.7329,664339.0928,,,
24.7986,55.7221,363.6234,664342.9746,,,
41.0214,53.3933,352.8788,664346.956,,,
58.3361,51.5645,345.2715,664350.8525,,,
75.8237,49.5609,338.9991,664354.9202,,,
92.9825,47.7876,328.9312,664358.8646,,,
110.2686,45.9658,320.8013,664362.7388,,,
128.2598,43.9081,310.6733,664366.6836,,,
144.2918,42.1463,306.5545,664370.6144,,,
162.3006,40.0175,293.847,664374.5792,,,
178.2446,38.4905,286.2633,664378.5537,,,
195.8814,36.5706,276.0277,664382.4856,,,
212.3285,34.8741,267.5301,664386.4216,,,
228.694,32.9914,263.2307,664390.4506,,,
243.9887,31.6037,260.1129,664394.3986,,,
257.7466,29.9931,264.6164,664398.2671,,,
277.2815,27.6392,234.5964,664402.2976,,,
293.3864,25.8272,224.6022,664406.2794,,,
312.4905,24.032,209.8313,664410.272,,,
329.3957,22.3232,199.9697,664414.2427,,,
343.3617,20.1342,194.7761,664418.1228,,,
359.9485,18.6989,181.2828,664422.2127,,,
378.0878,17.1069,162.6787,664426.1388,,,
391.961,14.9241,159.8873,664429.9726,,,
411.5149,13.792,136.2266,664433.9696,,,
431.2386,12.6523,111.8493,664437.9045,,,
443.5468,9.8714,114.47,664442.0734,,,
467.816,9.4739,75.7599,664446.3413,,,
471.8699,6.3491,105.7431,664449.8214,,,
484.1465,4.8966,106.4658,664453.6068,,,
498.1424,3.2509,95.9355,664457.6288,,,
527.0577,0.3416,80.7163,664467.7982,,,
541.3968,-0.3485,73.9621,664470.2831,,,
565.6947,-4.4472,29.3668,664474.334,,,
579.6408,-6.9336,24.856,664477.303,,,
594.5102,-8.2712,12.3277,664481.287,,,
596.532,-10.9991,50.9202,664485.1878,,,
613.1905,-11.7051,48.7111,664489.2704,,,
628.5447,-12.8329,51.8795,664493.2581,,,
641.2648,-13.4635,63.39,664497.0067,,,
675.4233,-17.6238,53.5076,664505.0631,,,
689.7906,-19.7741,61.7757,664509.7544,,,
703.3325,-21.0135,68.2172,664512.8956,,,
706.3164,-21.3199,103.0964,664516.9053,,,
719.8143,-22.4577,110.6258,664520.7315,,,
732.5607,-24.9139,118.9472,664525.0918,,,
742.9396,-25.6,133.8638,664528.7776,,,
754.2931,-26.1757,145.4892,664532.6176,,,
765.6883,-28.2355,154.4267,664536.5792,,,
774.4243,-29.0238,173.0174,664540.6134,,,
785.7289,-30.2809,182.1219,664544.3692,,,
800.607,-32.5747,186.0593,664548.4616,,,
811.9631,-34.402,195.8154,664552.2842,,,
823.9774,-35.66,204.8075,664556.3444,,,
835.6755,-36.4612,213.0716,664560.3286,,,
848.1879,-38.6149,220.5708,664564.0774,,,
863.6526,-40.1506,220.6703,664568.1588,,,
873.7735,-41.1358,232.4057,664572.2396,,,
880.6297,-42.3025,250.5416,664575.9892,,,
893.2435,-42.6573,256.6534,664579.9334,,,
909.9327,-46.104,253.9489,664583.9886,,,
920.7373,-47.2103,263.9003,664587.7458,,,
934.3864,-48.8223,267.8842,664591.7768,,,
944.1525,-50.0334,279.1586,664595.6676,,,
955.581,-51.8016,286.9105,664599.6336,,,
969.9777,-53.558,288.7113,664603.591,,,
983.8425,-54.4597,292.4406,664607.6994,,,
987.7421,-55.8294,313.2637,664611.407,,,
1001.9443,-56.9892,314.753,664615.4794,,,
1018.8446,-57.0873,310.6387,664619.4283,,,
1030.0448,-59.7818,318.217,664623.4007,,,
1037.1116,-61.5217,332.7247,664627.422,,,
1051.6664,-62.7295,334.6218,664631.353,,,
1063.7365,-64.9992,338.1614,664635.341,,,
1076.215,-66.2117,345.7458,664639.2962,,,
1088.0381,-67.7535,348.8789,664643.2426,,,
1102.7957,-68.3825,348.879,664647.1997,,,
1116.582,-69.6528,352.4816,664651.103,,,
-1108.192,33.1492,407.7392,665506.734,,,
-996.1142,10.5292,478.85,665519.3742,,,
-990.0741,7.7014,443.2052,665521.7514,,,
-975.8631,5.7931,478.8541,665525.2102,,,
-956.9931,1.4841,474.7766,665527.342,,,
-936.0214,-3.2144,477.5861,665531.1163,,,
-913.579,-7.1704,482.9694,665535.1312,,,
-894.6842,-11.557,480.232,665539.0652,,,
-872.2961,-15.1933,487.9223,665542.9874,,,
-856.0909,-20.4914,474.5897,665546.9776,,,
-834.9348,-24.8093,478.1714,665550.8415,,,
-822.942,-31.4006,451.6081,665554.898,,,
-800.1729,-34.8041,459.1147,665558.8051,,,
-778.001,-38.2643,468.9842,665562.6736,,,
-757.7979,-42.1354,470.589,665566.7188,,,
-739.5666,-46.4479,463.5867,665570.6238,,,
-720.7589,-51.0223,461.319,665574.5427,,,
-701.0293,-55.2305,462.1978,665578.5372,,,
-683.1253,-59.5085,455.4358,665582.4578,,,
-665.0438,-63.8335,448.9828,665586.3848,,,
-644.024,-68.2008,453.8917,665590.4525,,,
-624.9122,-72.4407,451.2181,665594.3092,,,
-606.6525,-76.7515,444.7597,665598.26,,,
-587.1203,-81.0816,443.5507,665602.3248,,,
-568.3304,-85.1856,440.0979,665606.2604,,,
-550.1737,-89.7269,433.9992,665610.2223,,,
-530.7803,-93.8847,430.7355,665614.1664,,,
-511.9936,-97.9067,430.3202,665618.0282,,,
-494.0433,-102.1714,423.2498,665622.0212,,,
-475.4587,-106.7453,417.5012,665626.0628,,,
-456.8572,-111.0219,412.4806,665629.9354,,,
-438.5902,-115.4159,406.3318,665634.0022,,,
-420.6593,-119.4631,402.5691,665637.8762,,,
-402.6632,-123.742,399.2903,665641.79,,,
-384.3844,-128.1183,390.8678,665645.746,,,
-366.2237,-132.2313,390.7572,665649.6224,,,
-348.5813,-136.2379,385.5995,665653.5381,,,
-330.3208,-140.7208,374.735,665657.5655,,,
-312.6761,-144.3083,375.442,665661.4234,,,
-293.9661,-148.5618,367.7624,665665.3902,,,
-277.3622,-152.7489,359.1347,665669.4147,,,
-259.3578,-156.6583,357.4837,665673.4114,,,
-241.4791,-160.8742,347.3977,665677.2724,,,
-223.831,-164.8571,344.7074,665681.3588,,,
-205.7523,-169.1243,336.8823,665685.1606,,,
-189.0249,-173.0772,330.5676,665689.3662,,,
-169.5775,-177.7887,320.8203,665693.4484,,,
-153.461,-181.3933,315.3036,665697.0376,,,
-135.7093,-185.8984,307.676,665701.0855,,,
-119.3957,-189.7592,297.9237,665704.9636,,,
-102.2741,-193.6724,294.2923,665709.0866,,,
-83.9147,-198.3801,283.9276,665712.9448,,,
-67.4566,-202.306,277.1976,665716.8554,,,
-50.5484,-206.397,267.8855,665720.809,,,
-33.7674,-210.2332,261.2818,665724.8188,,,
-18.4419,-213.2967,257.6675,665728.6801,,,
0.6023,-217.5313,244.9892,665732.5752,,,
17.315,-222.0605,235.1097,665736.5684,,,
33.4785,-225.8882,224.5892,665740.5617,,,
50.1219,-229.6666,218.1953,665744.3542,,,
65.9574,-233.0898,213.0379,665748.4562,,,
84.5994,-238.0849,197.6394,665752.25,,,
98.6207,-240.6635,196.4348,665756.3328,,,
117.1631,-245.8898,178.4393,665760.2934,,,
134.0577,-249.8536,168.6416,665764.0707,,,
149.4011,-253.7727,159.6438,665768.114,,,
166.59,-257.8099,149.6185,665772.2066,,,
182.5979,-261.9726,137.9071,665775.9702,,,
196.379,-264.677,135.9303,665779.9566,,,
212.5051,-269.1157,123.7279,665783.9517,,,
229.4788,-273.3413,109.7753,665787.7172,,,
244.9349,-276.9569,100.0272,665791.7912,,,
260.2485,-280.3266,92.091,665795.6681,,,
276.3325,-284.1274,81.5123,665799.6512,,,
291.4965,-287.7597,69.1369,665803.5621,,,
307.9018,-291.8083,56.5758,665807.7081,,,
323.4123,-295.5155,48.1465,665811.3799,,,
340.2375,-300.0436,31.1908,665815.493,,,
355.7694,-303.3506,23.6935,665819.3382,,,
370.0697,-306.1001,17.8626,665823.4146,,,
382.8769,-309.9599,20.2043,665827.3826,,,
394.8685,-312.4464,29.7948,665831.201,,,
404.6675,-314.1703,46.3116,665835.0822,,,
417.1083,-317.1056,55.2033,665839.286,,,
428.6967,-319.4756,67.3809,665842.984,,,
440.0538,-321.9206,78.6516,665847.017,,,
452.8226,-324.9196,85.1735,665850.9618,,,
464.3112,-327.6463,95.881,665854.8033,,,
476.6226,-330.3611,103.59,665858.9517,,,
488.2198,-332.8711,113.7816,665862.8478,,,
498.9126,-335.1542,124.1694,665866.6382,,,
511.1763,-338.1511,130.6981,665870.6529,,,
522.257,-340.4347,141.6896,665874.6512,,,
533.4273,-342.7616,151.9799,665878.5346,,,
545.0683,-345.2586,160.403,665882.4838,,,
556.8417,-348.0643,167.0075,665886.447,,,
568.2591,-350.7951,175.3731,665890.3225,,,
580.6369,-353.463,181.9071,665894.5396,,,
591.0001,-355.7572,192.6246,665898.5105,,,
603.3069,-358.507,197.8354,665902.2296,,,
613.7909,-360.6902,207.6661,665906.5306,,,
624.3327,-363.2678,215.924,665910.1866,,,
635.2345,-365.4143,224.7197,665913.9964,,,
648.3803,-368.4368,228.4685,665918.0094,,,
662.0744,-372.1156,229.2427,665921.9182,,,
671.525,-373.9271,241.0154,665925.9402,,,
682.7298,-376.3844,248.276,665929.8162,,,
694.5597,-379.1155,253.336,665933.7465,,,
706.8568,-381.9439,257.6429,665937.7092,,,
718.0266,-383.9918,265.2277,665941.799,,,
729.9838,-387.0924,268.4119,665945.5846,,,
741.1544,-389.5038,274.309,665949.5464,,,
751.4009,-391.8072,281.0889,665953.6072,,,
763.9005,-394.82,284.284,665957.4774,,,
775.1872,-397.4612,289.4521,665961.4524,,,
785.902,-399.6155,296.0607,665965.3345,,,
798.8469,-402.5355,297.4078,665969.2633,,,
810.6997,-405.229,301.3472,665973.4128,,,
821.2535,-407.7452,306.8193,665977.3174,,,
834.9199,-410.7926,306.9382,665981.0929,,,
845.1663,-413.0905,313.0394,665985.0816,,,
856.2573,-415.7438,315.9134,665989.1242,,,
868.2946,-418.5638,318.1796,665992.9922,,,
878.1931,-420.0552,326.0331,665996.9132,,,
886.3648,-421.7942,335.1612,666000.8302,,,
905.2564,-427.2393,323.8851,666004.8295,,,
915.7564,-429.7544,328.5153,666008.8172,,,
928.3466,-432.7513,329.7173,666012.6858,,,
941.1128,-435.8797,329.2892,666016.6287,,,
952.8389,-438.0284,332.9411,666020.676,,,
966.89,-441.7879,330.8171,666024.5448,,,
962.7884,-436.5734,359.3847,666028.4959,,,
987.8454,-446.3828,336.1338,666032.4672,,,
1001.0038,-449.7482,335.8611,666036.372,,,
1015.9708,-453.6716,331.7857,666040.3265,,,
1021.9475,-453.7385,343.5944,666044.3162,,,
1035.6304,-457.9408,340.7593,666048.1978,,,
1049.2774,-461.2781,338.8877,666052.245,,,
1065.2943,-465.7617,332.4966,666056.225,,,
1076.3024,-467.5241,336.5559,666060.1383,,,
1092.4872,-471.9262,331.4872,666064.0618,,,
-1098.0135,-280.7715,555.725,671318.3483,,,
-1082.3863,-273.5946,503.7687,671326.2724,,,
-1081.2665,-270.6301,460.3994,671331.1554,,,
-1038.744,-260.0844,512.9582,671333.6808,,,
-1016.271,-253.3787,520.1575,671337.6053,,,
-995.5801,-246.994,523.6473,671341.6882,,,
-976.4846,-241.2595,522.9476,671345.5084,,,
-955.009,-234.4894,528.5795,671349.4591,,,
-934.1578,-228.3432,531.7746,671353.4024,,,
-913.7737,-222.0592,533.9802,671357.3382,,,
-894.6946,-216.0589,533.4856,671361.4462,,,
-874.741,-209.9444,535.0548,671365.2849,,,
-853.462,-203.6635,540.4659,671369.1756,,,
-835.3645,-197.9768,536.1406,671373.2798,,,
-811.3594,-191.063,548.5441,671377.0708,,,
-792.4875,-185.0142,546.5421,671381.1176,,,
-773.9868,-179.1092,543.0764,671385.0258,,,
-752.6672,-172.8663,548.1959,671388.9662,,,
-731.6996,-166.6238,550.3818,671392.8451,,,
-714.0493,-161.0759,546.1253,671396.8017,,,
-693.3738,-154.7041,550.0294,671400.7692,,,
-674.2099,-149.2387,547.6499,671404.7206,,,
-655.2341,-143.3994,547.1497,671408.6952,,,
-635.3454,-137.4949,548.1482,671412.5682,,,
-616.5944,-131.5578,544.8474,671416.5904,,,
-596.4568,-125.5968,547.0416,671420.5566,,,
-577.1544,-119.9847,544.5041,671424.4226,,,
-558.3845,-114.4865,542.0772,671428.4182,,,
-538.9703,-108.5758,545.0447,671432.3372,,,
-519.5479,-102.8267,543.4197,671436.2566,,,
-500.1776,-96.9514,541.1198,671440.2534,,,
-481.5763,-91.4982,538.6248,671444.4209,,,
-461.7803,-86.0298,539.8769,671448.3452,,,
-443.5516,-80.3281,533.591,671452.2262,,,
-424.3806,-74.6475,530.2539,671456.1204,,,
-404.3163,-68.6028,533.4799,671459.9878,,,
-385.3008,-62.8534,530.4659,671463.9182,,,
-366.7798,-57.2623,526.9353,671467.8302,,,
-348.5421,-51.9399,523.6736,671471.816,,,
-329.6084,-46.2792,522.7606,671475.8046,,,
-311.1941,-41.2048,514.4149,671479.6674,,,
-293.2796,-36.0349,508.9151,671483.6254,,,
-274.1667,-30.0344,509.6067,671487.5972,,,
-255.7625,-24.674,505.745,671491.5124,,,
-237.7634,-19.3393,500.0401,671495.4888,,,
-219.2957,-13.6754,499.9397,671499.476,,,
-200.8436,-8.6781,497.8322,671503.4153,,,
-182.6918,-3.5137,493.8206,671507.4992,,,
-164.5156,1.867,486.0901,671511.4764,,,
-145.8895,7.4503,480.5972,671515.2849,,,
-127.7199,12.7259,473.4231,671519.2434,,,
-109.9293,17.515,476.8375,671523.3346,,,
-92.2187,23.1455,467.0565,671527.1169,,,
-74.1174,28.3904,463.0999,671531.0003,,,
-56.6531,33.7719,455.247,671535.165,,,
-37.9588,39.2944,446.5919,671539.0582,,,
-20.2762,44.2327,441.61,671542.8899,,,
-2.7518,49.1402,439.4095,671546.7949,,,
15.4143,54.366,438.1942,671550.7088,,,
32.7948,59.5077,431.4998,671554.8296,,,
50.6438,64.6492,423.9924,671558.6422,,,
66.8826,69.567,415.9071,671562.5634,,,
84.877,74.8818,406.263,671566.5386,,,
102.2006,79.8133,403.5562,671570.4526,,,
119.6191,84.7865,400.5447,671574.4296,,,
136.5398,89.4071,392.5319,671578.3904,,,
154.3503,94.4291,382.9478,671582.3359,,,
171.6814,99.3505,374.7354,671586.294,,,
189.8823,104.5989,363.4791,671590.3716,,,
206.1329,109.2683,357.2888,671594.1604,,,
222.7628,114.2736,350.8356,671598.1247,,,
239.8126,119.4749,340.8047,671602.1452,,,
256.2466,123.9777,336.4,671606.1475,,,
273.2594,128.4134,332.4695,671609.9759,,,
290.8087,133.3824,320.5547,671614.0944,,,
307.9116,138.0194,313.3452,671617.894,,,
322.8214,142.7435,306.6151,671622.0697,,,
339.9191,147.4717,295.3468,671625.8678,,,
356.2192,152.2827,287.1997,671629.8451,,,
372.9429,156.8568,276.5367,671633.6613,,,
390.1176,161.8094,264.7244,671637.6671,,,
406.92,166.4471,255.0629,671641.5891,,,
421.6564,170.5215,251.6618,671645.6352,,,
440.1438,175.5839,234.0385,671649.4902,,,
455.6508,180.3588,225.952,671653.4452,,,
471.4921,184.8365,217.0265,671657.4528,,,
487.1895,188.7921,210.0651,671661.3336,,,
504.4114,194.0251,194.5164,671665.2768,,,
519.7434,198.1271,187.984,671669.3089,,,
535.8877,202.8888,176.3301,671673.2776,,,
549.8042,206.6583,170.875,671677.1271,,,
566.782,211.3493,156.9679,671681.2254,,,
581.9808,215.7389,147.6508,671684.998,,,
596.4152,219.3703,141.1324,671689.0984,,,
615.1381,225.1194,120.4019,671693.013,,,
629.5759,228.838,112.6986,671696.8435,,,
645.4186,233.1705,100.7529,671700.8364,,,
659.22,237.1673,92.86,671704.845,,,
673.747,241.1943,84.6484,671708.7958,,,
689.3992,245.4401,71.6849,671712.7218,,,
706.7858,250.3241,54.4515,671716.8472,,,
720.0864,254.0439,47.1955,671720.6635,,,
734.7468,258.2387,36.9756,671724.8341,,,
750.445,262.9054,24.8239,671728.5607,,,
765.0445,266.4152,28.4326,671732.4604,,,
772.2647,268.4161,50.9366,671736.4437,,,
787.6608,273.3216,52.5379,671740.6808,,,
793.4795,274.5143,77.6703,671744.3112,,,
809.2133,279.1389,79.4891,671748.4408,,,
820.0462,281.7837,92.9257,671752.1549,,,
835.7362,286.6721,93.1507,671756.2788,,,
844.3475,289.2087,110.9493,671760.2796,,,
849.9942,290.556,133.9603,671763.9841,,,
862.2137,293.4671,143.9139,671768.109,,,
875.9873,297.4588,149.383,671771.9777,,,
885.7707,300.8808,162.3588,671775.8986,,,
899.1904,304.4592,168.6317,671779.7748,,,
905.388,306.0752,188.293,671783.8947,,,
913.5284,308.2085,204.6607,671787.629,,,
932.7342,313.0552,197.9181,671791.7212,,,
941.7915,315.4042,212.2287,671795.5545,,,
954.1726,318.3033,218.4528,671799.5432,,,
955.4903,319.5109,246.731,671803.495,,,
968.9181,322.6463,252.6409,671807.4818,,,
978.4541,324.8646,264.7939,671811.2884,,,
995.8778,329.6197,261.6606,671815.5369,,,
1008.5686,333.0023,267.6742,671819.1642,,,
1016.6609,335.7587,280.5929,671823.2858,,,
1022.7542,337.5052,298.2552,671827.2837,,,
1028.3461,338.4177,316.3765,671831.0876,,,
1044.7455,342.75,314.3676,671835.057,,,
1050.8656,344.2996,331.0367,671839.1352,,,
1056.3997,345.9329,348.1836,671843.0274,,,
1068.3361,349.362,353.1092,671846.9908,,,
-1109.384,-348.4841,558.6543,672666.8404,,,
-1044.5422,-345.4979,573.2683,672678.5773,,,
-1024.8675,-344.5004,577.3559,672683.0654,,,
-1003.6483,-343.5663,582.2727,672687.5744,,,
-984.4472,-342.9839,584.0678,672691.5474,,,
-963.8985,-342.0684,588.2262,672695.622,,,
-942.4026,-340.5729,594.3623,672699.4482,,,
-922.7527,-340.0244,595.7113,672703.3722,,,
-904.084,-339.7199,596.2651,672707.2954,,,
-882.4003,-338.0784,603.9442,672711.2661,,,
-863.204,-337.6584,604.4417,672715.1887,,,
-843.0558,-336.779,607.2623,672719.1292,,,
-823.2135,-336.0736,609.9127,672723.2272,,,
-803.1815,-335.3962,610.9157,672727.0482,,,
-783.8827,-334.9225,612.051,672731.0507,,,
-764.8327,-334.4925,612.7743,672735.0218,,,
-743.9937,-333.0118,617.266,672738.9219,,,
-724.8891,-333.0696,616.2902,672742.8328,,,
-703.6245,-332.0339,620.16,672746.7964,,,
-685.5986,-331.4384,620.4815,672750.7654,,,
-667.2685,-331.6865,618.0094,672754.7861,,,
-646.9928,-330.4884,621.4389,672758.71,,,
-628.5092,-330.2993,620.6673,672762.5972,,,
-608.809,-329.0687,623.8254,672766.5924,,,
-590.1946,-329.5524,619.1877,672770.591,,,
-570.4591,-328.0384,623.9456,672774.6004,,,
-552.0339,-327.893,621.9051,672778.3653,,,
-532.6674,-326.8047,624.6756,672782.2672,,,
-514.6702,-326.8918,621.8529,672786.2425,,,
-494.8196,-326.0794,622.3708,672790.3252,,,
-475.2444,-325.5003,622.0083,672794.1359,,,
-457.4108,-325.1128,621.0022,672798.0936,,,
-439.5541,-325.14,616.6854,672802.1422,,,
-420.6937,-324.7658,614.6897,672806.0726,,,
-401.4191,-323.7415,616.0029,672810.0514,,,
-383.3851,-323.967,612.2127,672814.0482,,,
-364.1252,-322.9228,613.7656,672817.8478,,,
-344.8497,-322.2738,611.4151,672822.0652,,,
-327.1214,-322.528,607.4611,672825.8129,,,
-308.8227,-322.0318,604.8975,672829.7092,,,
-290.5173,-321.8242,601.8555,672833.737,,,
-272.8218,-321.5616,598.3827,672837.5987,,,
-254.383,-320.9353,596.106,672841.5588,,,
-236.5892,-320.8811,592.6314,672845.59,,,
-218.6892,-319.9332,591.3282,672849.4676,,,
-200.8109,-320.0046,586.81,672853.4188,,,
-182.2089,-319.4888,584.6452,672857.421,,,
-164.2135,-318.9708,582.4599,672861.3527,,,
-146.7697,-318.6049,577.5161,672865.2972,,,
-128.6144,-318.5065,573.1101,672869.2944,,,
-111.0209,-318.4447,568.5647,672873.2163,,,
-92.7007,-317.9981,564.1422,672877.1429,,,
-74.9987,-317.47,560.6021,672881.2144,,,
-57.9972,-317.0707,558.7294,672884.9688,,,
-39.925,-317.2961,551.6618,672889.0556,,,
-21.7782,-317.0588,545.2971,672892.9511,,,
-5.0769,-316.4988,541.6368,672896.8264,,,
12.1646,-317.1888,533.1721,672900.8564,,,
29.0917,-316.7413,528.9713,672904.841,,,
45.7584,-315.9233,527.5991,672908.7254,,,
63.3645,-315.1961,524.2476,672912.6814,,,
81.1079,-315.1974,515.4393,672916.6115,,,
97.413,-315.3715,508.3896,672920.5502,,,
114.916,-315.7305,499.3438,672924.683,,,
132.1739,-315.7098,491.4033,672928.4326,,,
149.3441,-314.7474,489.4851,672932.4237,,,
166.2027,-315.4724,478.3194,672936.4321,,,
183.1992,-314.8067,474.1662,672940.4214,,,
199.8425,-314.4025,468.979,672944.2941,,,
217.0572,-314.4966,461.353,672948.2828,,,
234.4343,-314.1304,455.1877,672952.1719,,,
250.0922,-314.1482,447.9428,672956.2346,,,
269.0889,-314.4012,437.0478,672960.5093,,,
282.0471,-313.0676,436.0687,672964.1904,,,
298.2528,-313.0352,428.5303,672967.9902,,,
315.1775,-313.1204,419.6397,672972.2192,,,
331.4325,-313.17,410.0903,672976.0416,,,
347.9408,-312.9755,402.0153,672979.8235,,,
365.2859,-313.1134,390.0107,672983.8313,,,
381.3423,-313.1636,382.0576,672987.6724,,,
397.2069,-312.6437,375.2722,672991.7268,,,
413.4537,-312.9684,364.6951,672995.5282,,,
430.3865,-313.1704,352.3024,672999.4851,,,
445.5608,-312.6755,346.649,673003.6126,,,
462.145,-312.8267,336.0415,673007.4955,,,
477.0831,-312.3164,329.7852,673011.9132,,,
493.8639,-312.6314,317.6943,673015.333,,,
508.5285,-311.894,311.4876,673019.2408,,,
526.5072,-313.2108,294.9847,673023.2906,,,
541.702,-312.8958,285.5499,673027.2738,,,
558.4381,-313.0039,274.2642,673031.0249,,,
572.8976,-312.4875,267.4502,673035.0794,,,
587.3511,-312.3459,259.66,673039.1326,,,
604.2985,-313.0131,244.0409,673042.9432,,,
618.2971,-312.2611,238.8347,673046.8722,,,
634.2002,-312.9014,224.5382,673050.9808,,,
649.3278,-312.5709,214.6854,673054.6706,,,
666.363,-313.0257,199.3586,673058.7462,,,
680.7158,-312.7289,190.8125,673062.6637,,,
696.7079,-313.0874,176.8056,673066.6404,,,
711.6863,-312.7909,166.1863,673070.5942,,,
725.7173,-312.5878,156.7838,673074.5334,,,
741.271,-312.7886,144.7179,673078.4282,,,
754.8608,-312.3571,136.0397,673082.4866,,,
770.6561,-312.7702,120.6895,673086.2534,,,
787.2521,-313.4304,105.5259,673090.2714,,,
802.1192,-313.4263,93.7289,673094.3636,,,
816.1783,-313.6653,83.3434,673098.094,,,
831.8863,-313.9784,70.4698,673102.0392,,,
843.7626,-313.5647,60.9626,673106.14,,,
863.0133,-314.3255,38.2552,673109.9724,,,
873.805,-313.9397,32.2922,673113.9113,,,
885.2964,-313.2578,26.2807,673117.8735,,,
905.915,-314.4517,8.4089,673121.7747,,,
914.5924,-314.2871,27.1865,673125.7763,,,
924.2068,-312.4786,44.0013,673129.746,,,
941.8639,-314.8886,43.0891,673133.6388,,,
950.368,-313.3347,60.6497,673137.5699,,,
964.8026,-313.877,66.5723,673141.5894,,,
977.1924,-313.8543,76.6563,673145.4452,,,
988.5345,-314.4282,88.0644,673149.4134,,,
1014.9457,-320.31,72.0595,673153.3884,,,
1011.5774,-314.7978,107.8139,673157.2966,,,
1023.2165,-314.7721,119.0744,673161.3346,,,
1034.2329,-313.8201,131.2528,673165.2097,,,
1050.4005,-316.0102,131.9289,673169.1309,,,
1062.9417,-315.5135,140.7804,673173.2904,,,
1069.2951,-314.2281,161.6915,673177.096,,,
1084.9105,-315.1082,163.5797,673181.0142,,,
1094.7799,-314.7082,177.0736,673185.0228,,,
1109.0342,-315.1758,182.8039,673189.0007,,,
-1134.2845,-208.1215,519.351,673888.1663,,,
-1037.4074,-191.0733,563.0066,673903.1373,,,
-1019.3518,-188.1288,562.8194,673907.0769,,,
-1031.8898,-189.441,534.2628,673907.9382,,,
-1010.1787,-185.4259,539.8868,673911.2694,,,
-989.5766,-181.5629,543.6672,673915.1456,,,
-969.7847,-178.2544,544.4385,673919.1105,,,
-951.4094,-174.8274,545.3378,673923.3216,,,
-930.7029,-171.1541,545.3406,673927.0314,,,
-910.3006,-167.287,549.3123,673931.039,,,
-889.8751,-163.6689,551.7739,673934.9814,,,
-873.1644,-160.8977,549.2023,673938.8874,,,
-853.0586,-157.2437,551.2232,673942.939,,,
-832.8067,-153.2899,555.467,673946.7261,,,
-813.8067,-150.2706,553.9726,673950.6698,,,
-795.9143,-147.1717,550.4814,673954.6604,,,
-775.0289,-143.5429,554.7322,673958.6079,,,
-755.406,-140.0838,555.3579,673962.5492,,,
-736.0978,-136.5607,557.4041,673966.505,,,
-717.2529,-133.369,556.0278,673970.4085,,,
-698.5652,-130.1497,555.8622,673974.3898,,,
-679.917,-127.2759,552.9121,673978.3646,,,
-660.3646,-124.0576,553.8513,673982.262,,,
-642.1355,-121.0115,551.7143,673986.2036,,,
-621.6957,-117.2863,553.2977,673990.257,,,
-603.2434,-114.263,549.1668,673994.1005,,,
-585.1469,-111.2883,548.2444,673998.1107,,,
-565.4798,-107.8643,548.2974,674002.1004,,,
-547.9897,-105.0924,545.0166,674006.0514,,,
-528.9881,-102.0539,544.0822,674010.0575,,,
-511.1221,-99.0219,539.4164,674014.1966,,,
-493.1873,-95.9059,537.8523,674018.0974,,,
-474.1823,-92.8893,536.704,674021.9434,,,
-457.7102,-90.3945,529.4791,674025.8442,,,
-437.2611,-86.7798,530.5171,674029.7226,,,
-420.0346,-84.2393,526.0992,674033.727,,,
-400.7798,-80.7563,528.2337,674037.8377,,,
-382.1563,-78.1484,525.728,674041.6602,,,
-365.0533,-75.517,519.2789,674045.6293,,,
-347.1371,-72.4243,511.8142,674049.4544,,,
-327.5943,-69.5303,508.7819,674053.4236,,,
-311.3788,-66.7857,504.662,674057.4097,,,
-293.2557,-63.8543,503.9489,674061.2898,,,
-274.5953,-61.1797,500.3908,674065.2342,,,
-258.6246,-58.6128,495.4411,674069.3097,,,
-239.1531,-55.4424,492.0462,674073.1934,,,
-221.7262,-52.8249,485.1443,674077.0814,,,
-204.838,-50.2377,480.4588,674081.096,,,
-186.5,-47.1227,481.1191,674084.965,,,
-170.1291,-44.6133,475.0206,674089.0676,,,
-151.681,-41.7725,466.9913,674092.9338,,,
-135.7011,-39.5894,455.2187,674096.8094,,,
-117.4528,-37.0676,449.2548,674100.8777,,,
-100.2493,-34.4979,448.1014,674104.7556,,,
-82.498,-32.1333,430.8608,674108.6686,,,
-66.1855,-28.5288,440.7155,674112.6538,,,
-49.2484,-26.3206,424.8301,674116.5696,,,
-32.6871,-23.4771,427.154,674120.5,,,
-12.1317,-20.8022,422.6805,674124.5376,,,
2.0488,-18.4859,412.4293,674128.4128,,,
30.9797,-11.4364,424.5626,674136.4315,,,
48.7342,-9.3772,409.1979,674141.1356,,,
67.2682,-7.5237,391.859,674144.3938,,,
84.8531,-5.7172,376.774,674148.2714,,,
102.8617,-3.1448,366.2647,674152.1262,,,
120.4249,-0.9656,354.0676,674156.1894,,,
134.5737,1.3997,356.963,674160.3815,,,
150.7285,4.1506,355.184,674163.9269,,,
166.3826,5.9991,343.3574,674167.9688,,,
179.805,7.7784,358.2242,674171.9073,,,
200.6384,11.2489,318.2922,674175.9076,,,
217.2865,13.8058,307.8182,674179.8282,,,
233.0958,16.1064,302.476,674184.2925,,,
253.9428,19.7835,272.2441,674187.609,,,
267.7844,21.4921,270.386,674191.8034,,,
285.7041,24.3138,260.7818,674195.5265,,,
298.7941,25.9387,259.7011,674199.458,,,
313.984,28.0138,259.4789,674203.5387,,,
327.4278,30.1213,250.4407,674207.4302,,,
343.5466,32.4732,240.1809,674211.359,,,
358.9829,34.9114,227.0233,674215.3548,,,
374.6112,37.3295,219.7947,674219.1456,,,
390.6176,39.3719,208.873,674223.7183,,,
407.1122,41.7757,193.7919,674227.5625,,,
421.904,44.2192,185.6015,674231.0659,,,
436.4846,46.5056,179.2886,674235.1391,,,
452.1816,48.6365,168.2185,674239.1554,,,
467.3846,50.7454,157.0194,674243.0458,,,
482.8797,53.3076,144.2026,674246.8656,,,
499.2958,55.1883,129.0621,674250.7968,,,
514.3796,57.5544,119.0039,674254.8221,,,
528.7632,59.4685,110.1642,674258.885,,,
543.4373,61.67,98.2178,674262.6368,,,
558.3582,63.9201,87.0823,674266.5192,,,
573.7944,66.2224,73.4137,674270.5002,,,
585.8569,67.9612,68.4301,674274.693,,,
602.8276,70.3671,51.5122,674278.4028,,,
616.9764,72.327,40.8269,674282.361,,,
632.1772,74.6453,27.4626,674286.2768,,,
645.9221,76.5714,20.5364,674290.2659,,,
657.9185,78.067,27.8338,674294.2846,,,
670.8697,79.3693,33.9869,674298.0745,,,
680.0247,80.7211,52.0915,674302.0892,,,
692.4701,82.1514,58.7954,674306.1658,,,
702.9205,83.5446,73.7279,674309.9396,,,
715.6352,84.9584,79.9987,674313.8708,,,
723.6768,86.2229,99.2244,674317.8386,,,
737.8761,87.9518,99.3999,674321.7722,,,
745.4454,88.9257,118.9024,674325.7678,,,
759.259,90.1825,124.1161,674329.7048,,,
767.9055,91.0026,139.6806,674333.5985,,,
780.8173,92.7377,145.0701,674337.5352,,,
790.7305,93.9566,157.2761,674341.5922,,,
802.5415,95.0859,164.5793,674345.4354,,,
813.3065,96.5511,174.9045,674349.4006,,,
824.7546,97.7396,183.2515,674353.395,,,
828.8124,98.7811,207.9283,674357.2898,,,
835.2865,100.8659,223.8041,674361.317,,,
855.1124,101.8135,213.621,674365.2513,,,
867.9636,102.5301,219.0909,674369.1298,,,
877.9494,103.834,228.6597,674373.1932,,,
888.8007,104.6754,237.2442,674376.99,,,
896.6095,105.8121,251.5684,674381.0278,,,
908.9736,106.9882,256.1992,674384.9134,,,
921.5419,108.4705,261.2929,674388.8868,,,
932.5169,110.1678,269.1656,674392.811,,,
937.3766,110.7399,287.8309,674396.8419,,,
943.6299,114.9843,300.8635,674400.6795,,,
953.875,113.1442,310.566,674404.6326,,,
972.8361,114.5803,302.3867,674408.6554,,,
985.2247,115.8638,306.1273,674412.5831,,,
994.8829,116.7373,315.1524,674416.5064,,,
1005.254,117.8777,323.1656,674420.503,,,
1013.3349,119.101,333.9778,674424.3488,,,
1027.0194,120.3065,335.569,674428.661,,,
1038.9332,121.1158,339.0954,674432.3595,,,
1048.7273,123.1567,348.6112,674436.2341,,,
-1070.4676,-480.7258,509.5088,687512.4448,,,
-1047.9113,-479.6977,508.6275,687517.1388,,,
-1021.7537,-476.8976,514.421,687518.9457,,,
-996.8727,-474.1217,518.4032,687525.6456,,,
-973.1969,-472.0011,519.7985,687529.4039,,,
-948.6425,-469.8612,522.8079,687533.3859,,,
-925.1218,-468.1794,524.2546,687537.4112,,,
-902.1441,-466.8924,522.5962,687541.2634,,,
-876.483,-463.6981,529.2046,687545.2122,,,
-853.6895,-461.6916,529.417,687549.2103,,,
-830.7517,-460.3478,529.2892,687553.0924,,,
-805.5407,-457.3545,534.891,687557.0444,,,
-782.532,-455.5452,535.3861,687561.0724,,,
-759.6894,-454.2515,533.1076,687564.8974,,,
-736.0419,-451.6962,536.7111,687568.9411,,,
-713.2297,-450.6566,533.4789,687572.9736,,,
-690.3817,-448.4016,536.1445,687576.7925,,,
-667.5204,-446.5067,535.7317,687580.6992,,,
-645.0306,-445.6553,531.6593,687584.9367,,,
-621.762,-443.3924,532.847,687588.6278,,,
-599.2465,-441.6891,533.3392,687592.59,,,
-577.5408,-440.8849,528.3127,687596.5244,,,
-554.0226,-438.4087,530.7012,687600.4664,,,
-532.2054,-437.1673,527.2721,687604.4185,,,
-509.2467,-435.4247,525.8629,687608.4393,,,
-486.5985,-433.7889,525.2361,687612.2776,,,
-463.9243,-432.0132,523.2421,687616.2468,,,
-442.0674,-430.6262,521.1752,687620.1578,,,
-419.6441,-428.0579,521.9196,687624.1052,,,
-398.9884,-427.457,516.7386,687628.1849,,,
-375.6296,-424.692,518.4521,687632.0216,,,
-355.4478,-424.929,508.7437,687636.0513,,,
-331.891,-422.4662,509.1267,687639.9229,,,
-310.2565,-419.7275,511.3602,687643.898,,,
-289.1982,-419.5317,504.4027,687647.7864,,,
-267.1517,-417.5253,501.2734,687651.7661,,,
-245.5666,-414.8381,503.1348,687655.7398,,,
-225.0653,-415.8685,488.6102,687659.6566,,,
-202.7124,-412.7509,492.4795,687663.6586,,,
-181.1216,-411.27,486.772,687667.5336,,,
-160.1138,-410.0041,482.3789,687671.4759,,,
-139.3432,-409.2465,475.1219,687675.478,,,
-117.756,-407.4168,471.0978,687679.3609,,,
-95.359,-406.7334,464.2881,687683.397,,,
-73.5566,-408.9211,446.404,687687.36,,,
-52.1722,-411.8351,424.2253,687691.3012,,,
-32.8286,-400.7312,454.8733,687695.2836,,,
-13.3243,-399.4317,448.8423,687699.1671,,,
7.5699,-398.9186,441.0177,687703.0454,,,
28.5561,-396.7753,438.4911,687707.0603,,,
49.5224,-395.2075,433.6518,687710.9742,,,
69.6854,-393.0774,430.3521,687714.8779,,,
90.6369,-392.6853,419.0949,687718.8638,,,
110.4595,-392.1695,409.162,687722.8474,,,
131.8725,-390.4122,404.4187,687726.7362,,,
151.513,-388.2517,401.3249,687730.7028,,,
170.2344,-386.3066,399.6269,687734.6424,,,
191.1905,-385.5863,388.5802,687738.6584,,,
211.4319,-385.5102,375.3708,687742.5772,,,
232.114,-383.3961,372.0163,687746.4956,,,
251.3056,-381.241,369.2873,687750.5969,,,
276.1177,-385.2774,340.6845,687754.4994,,,
293.3205,-379.4603,348.4268,687758.3112,,,
309.8395,-377.0619,346.4909,687762.2922,,,
329.051,-375.5438,339.4877,687766.2632,,,
349.3455,-374.8065,328.9877,687770.1876,,,
367.7557,-373.3965,323.5595,687774.2051,,,
387.2541,-372.007,314.6139,687778.1504,,,
408.0055,-371.2807,302.7854,687781.9904,,,
427.7546,-369.9464,294.1441,687785.97,,,
446.8016,-369.0423,284.3272,687789.8996,,,
465.2426,-367.5759,276.6495,687793.8246,,,
485.7762,-367.4985,262.6442,687797.821,,,
503.2626,-365.5105,258.1329,687801.7276,,,
523.9316,-364.9967,244.0698,687805.7228,,,
542.7667,-363.4405,236.9016,687809.6578,,,
560.8829,-362.3339,227.7578,687813.5768,,,
580.315,-361.8522,215.1203,687817.5352,,,
599.201,-359.8616,208.8776,687821.4973,,,
617.1736,-359.0645,196.7042,687825.403,,,
635.6618,-358.105,186.7878,687829.3623,,,
655.0957,-357.4087,173.345,687833.3513,,,
673.7307,-355.8145,164.3551,687837.2569,,,
690.9929,-354.7636,155.5834,687841.2224,,,
708.3884,-353.4674,147.1611,687845.3207,,,
729.7596,-353.7584,127.1004,687849.11,,,
746.6154,-352.0877,119.8668,687853.0922,,,
765.5934,-350.9955,107.7281,687857.1051,,,
784.3366,-350.5192,93.7831,687861.0419,,,
802.709,-350.0599,81.5897,687865.1092,,,
822.7713,-349.5838,65.0061,687868.9435,,,
838.63,-347.6195,59.1753,687872.9327,,,
856.271,-346.8183,47.9177,687876.9196,,,
874.0515,-346.1585,35.6877,687880.73,,,
892.0071,-345.5037,22.4203,687884.6936,,,
920.3705,-349.2836,-10.5883,687888.7588,,,
928.3286,-345.8195,10.1498,687892.7208,,,
940.6087,-343.7145,25.5181,687896.7492,,,
953.5625,-343.1816,37.6845,687900.6666,,,
970.2579,-343.6515,41.896,687904.5142,,,
985.5434,-343.4489,49.4158,687908.547,,,
996.0673,-341.8131,67.0617,687912.4736,,,
1007.6427,-340.3439,82.913,687916.2746,,,
1023.7083,-340.998,89.8472,687920.2793,,,
1039.6589,-344.0656,95.8189,687924.4123,,,
1055.7531,-345.0605,97.1551,687928.118,,,
1065.709,-340.1391,115.2615,687932.0786,,,
1080.9403,-339.6949,123.5658,687936.0999,,,
1097.156,-339.033,128.7901,687940.1086,,,
1107.1003,-338.477,144.1952,687943.933,,,
1125.1488,-338.6331,146.4001,687947.9673,,,
1131.5566,-336.6965,167.4935,687951.8199,,,
,,,,,,
,,,,,,
,,,,,,
,,,,,,
,,,,,,
,,,,,,
,,,,,,
,,,,,,
,,,,,,
,,,,,,
,,,,,,
,,,,,,
,,,,,,
,,,,,,
,,,,,,
,,,,,,
,,,,,,
,,,,,,
,,,,,,
,,,,,,
,,,,,,
,,,,,,
,,,,,,
,,,,,,
,,,,,,
,,,,,,
,,,,,,
,,,,,,
,,,,,,
,,,,,,
,,,,,,
,,,,,,
,,,,,,
,,,,,,
,,,,,,
,,,,,,
,,,,,,
,,,,,,
,,,,,,
,,,,,,
,,,,,,
,,,,,,
,,,,,,
,,,,,,
,,,,,,
,,,,,,
,,,,,,
,,,,,,
,,,,,,
,,,,,,
,,,,,,
,,,,,,
,,,,,,
,,,,,,
,,,,,,
,,,,,,
,,,,,,
,,,,,,
,,,,,,
,,,,,,
,,,,,,
,,,,,,
,,,,,,
,,,,,,
,,,,,,
,,,,,,
,,,,,,
,,,,,,
,,,,,,
,,,,,,
,,,,,,
,,,,,,
,,,,,,
,,,,,,
,,,,,,
,,,,,,
,,,,,,
,,,,,,
,,,,,,
,,,,,,
,,,,,,
,,,,,,
,,,,,,
,,,,,,
,,,,,,
,,,,,,
,,,,,,
,,,,,,
,,,,,,
,,,,,,
,,,,,,
,,,,,,
,,,,,,
,,,,,,
,,,,,,
,,,,,,
,,,,,,
,,,,,,
,,,,,,
,,,,,,
,,,,,,
,,,,,,
,,,,,,
,,,,,,
,,,,,,
,,,,,,
,,,,,,
,,,,,,
,,,,,,
,,,,,,
,,,,,,
,,,,,,
,,,,,,
,,,,,,
,,,,,,
,,,,,,
,,,,,,
,,,,,,
,,,,,,
,,,,,,
,,,,,,
,,,,,,
,,,,,,
,,,,,,
,,,,,,
,,,,,,
,,,,,,
,,,,,,
,,,,,,
,,,,,,
,,,,,,
,,,,,,
,,,,,,
,,,,,,
,,,,,,
,,,,,,
,,,,,,
,,,,,,
,,,,,,
,,,,,,
,,,,,,
,,,,,,
,,,,,,
,,,,,,
,,,,,,
,,,,,,
,,,,,,
,,,,,,
,,,,,,
,,,,,,
,,,,,,
,,,,,,
,,,,,,
,,,,,,
,,,,,,
,,,,,,
,,,,,,
,,,,,,
,,,,,,
,,,,,,
,,,,,,
,,,,,,
,,,,,,
,,,,,,
,,,,,,
,,,,,,
,,,,,,
,,,,,,
,,,,,,
,,,,,,
,,,,,,
,,,,,,
,,,,,,
,,,,,,
,,,,,,
,,,,,,
,,,,,,
,,,,,,
,,,,,,
,,,,,,
,,,,,,
,,,,,,
,,,,,,
,,,,,,
,,,,,,
,,,,,,
,,,,,,
,,,,,,
,,,,,,
,,,,,,
,,,,,,
,,,,,,
,,,,,,
,,,,,,
,,,,,,
,,,,,,
,,,,,,
,,,,,,
,,,,,,
,,,,,,
,,,,,,
,,,,,,
,,,,,,
,,,,,,
,,,,,,
,,,,,,
,,,,,,
,,,,,,
,,,,,,
,,,,,,
,,,,,,
,,,,,,
,,,,,,
,,,,,,
,,,,,,
,,,,,,
,,,,,,
,,,,,,
,,,,,,
,,,,,,
,,,,,,
,,,,,,
,,,,,,
,,,,,,
,,,,,,
,,,,,,
,,,,,,
,,,,,,
,,,,,,
,,,,,,
,,,,,,
,,,,,,
,,,,,,
,,,,,,
,,,,,,
,,,,,,
,,,,,,
,,,,,,
,,,,,,
,,,,,,
,,,,,,
,,,,,,
,,,,,,
,,,,,,
,,,,,,
,,,,,,
,,,,,,
,,,,,,
,,,,,,
,,,,,,
,,,,,,
,,,,,,
,,,,,,
,,,,,,
,,,,,,
,,,,,,
,,,,,,
,,,,,,
,,,,,,
,,,,,,
,,,,,,
,,,,,,
,,,,,,
,,,,,,
,,,,,,
,,,,,,
,,,,,,
,,,,,,
,,,,,,
,,,,,,
,,,,,,
,,,,,,
,,,,,,
,,,,,,
,,,,,,
,,,,,,
,,,,,,
,,,,,,
,,,,,,
,,,,,,
,,,,,,
,,,,,,
,,,,,,
,,,,,,
,,,,,,
,,,,,,
,,,,,,
,,,,,,
,,,,,,
,,,,,,
,,,,,,
,,,,,,
,,,,,,
,,,,,,
,,,,,,
,,,,,,
,,,,,,
,,,,,,
,,,,,,
,,,,,,
,,,,,,
,,,,,,
,,,,,,
,,,,,,
,,,,,,
,,,,,,
,,,,,,
,,,,,,
,,,,,,
,,,,,,
,,,,,,
,,,,,,
,,,,,,
,,,,,,
,,,,,,
,,,,,,
,,,,,,
,,,,,,
,,,,,,
,,,,,,
,,,,,,
,,,,,,
,,,,,,
,,,,,,
,,,,,,
,,,,,,
,,,,,,
,,,,,,
,,,,,,
,,,,,,
,,,,,,
,,,,,,
,,,,,,
,,,,,,
,,,,,,
,,,,,,
,,,,,,
,,,,,,
,,,,,,
,,,,,,
,,,,,,
,,,,,,
,,,,,,
,,,,,,
,,,,,,
,,,,,,
,,,,,,
,,,,,,
,,,,,,
,,,,,,
,,,,,,
,,,,,,
,,,,,,
,,,,,,
,,,,,,
,,,,,,
,,,,,,
,,,,,,
,,,,,,
,,,,,,
,,,,,,
,,,,,,
,,,,,,
,,,,,,
,,,,,,
,,,,,,
,,,,,,
,,,,,,
,,,,,,
,,,,,,
,,,,,,
,,,,,,
,,,,,,
,,,,,,
,,,,,,
,,,,,,
,,,,,,
,,,,,,
,,,,,,
,,,,,,
,,,,,,
,,,,,,
,,,,,,
,,,,,,
,,,,,,
,,,,,,
,,,,,,
,,,,,,
,,,,,,
,,,,,,
,,,,,,
,,,,,,
,,,,,,
,,,,,,
,,,,,,
,,,,,,
,,,,,,
,,,,,,
,,,,,,
,,,,,,
,,,,,,
,,,,,,
,,,,,,
,,,,,,
,,,,,,
,,,,,,
,,,,,,
,,,,,,
,,,,,,
,,,,,,
,,,,,,
,,,,,,
,,,,,,
,,,,,,
,,,,,,
,,,,,,
,,,,,,
,,,,,,
,,,,,,
,,,,,,
,,,,,,
,,,,,,
,,,,,,
,,,,,,
,,,,,,
,,,,,,
,,,,,,
,,,,,,
,,,,,,
,,,,,,
,,,,,,
,,,,,,
,,,,,,
,,,,,,
,,,,,,
,,,,,,
,,,,,,
,,,,,,
,,,,,, 
